smiles,group
N#CC(OC1OC(COC2OC(CO)C(O)C(O)C2O)C(O)C(O)C1O)c1ccccc1,training
Cc1occc1C(=O)Nc1ccccc1,training
CC(C)=CCCC(C)=CC=O,training
c1ccc2c(c1)ccc1c2ccc2c3ccccc3ccc21,training
c1ccsc1,training
c1ccc2scnc2c1,training
Clc1cc(Cl)c(-c2c(Cl)cccc2Cl)c(Cl)c1,training
CC12CCC3c4ccc(O)cc4CCC3C1CCC2O,training
ClC1=C(Cl)C2(Cl)C3C4CC(C5OC45)C3C1(Cl)C2(Cl)Cl,training
C=C(C)C1Cc2c(ccc3c2OC2COc4cc(OC)c(OC)cc4C2C3=O)O1,test
O=C1CCCN1,training
Clc1ccc2ccccc2c1,training
C=CCCC,test
CCC1(c2ccccc2)C(=O)NCNC1=O,training
CCCCCCCCCCCCCC,valid
CC(C)Cl,training
CCC(C)CO,training
N#Cc1ccccc1,training
CCOP(=S)(OCC)Oc1cc(C)nc(C(C)C)n1,training
CCCCCCCCCC(C)O,test
Clc1ccc(-c2c(Cl)ccc(Cl)c2Cl)c(Cl)c1,training
O=c1[nH]c2c(c(=O)n1C1CCCCC1)CCC2,test
CCOP(=S)(OCC)SCSCC,training
CCOc1ccc(NC(C)=O)cc1,training
CCN(CC)c1c([N+](=O)[O-])cc(C(F)(F)F)c(N)c1[N+](=O)[O-],training
CCCCCCCO,training
Cn1c(=O)c2[nH]cnc2n(C)c1=O,training
CCCCC1(CC)C(=O)NC(=O)NC1=O,training
ClC(Cl)=C(c1ccc(Cl)cc1)c1ccc(Cl)cc1,training
CCCCCCCC(=O)OC,training
CCc1ccc(CC)cc1,training
CCOP(=S)(OCC)SCSC(C)(C)C,training
COC(=O)Nc1cccc(OC(=O)Nc2cccc(C)c2)c1,training
C=C(Cl)Cl,training
Cc1cccc2c1Cc1ccccc1-2,training
CCCCC=O,training
c1ccc(Nc2ccccc2)cc1,training
CN(C)C(=O)SCCCCOc1ccccc1,training
CCCOP(=S)(OCCC)SCC(=O)N1CCCCC1C,test
CCCCCCCI,valid
Clc1cccc(-c2ccccc2)c1,training
C=CCCCO,training
O=C1NC(=O)C2(CCC2)C(=O)N1,training
CC1CCC(C(C)C)C(O)C1,test
CC(C)OC=O,test
CCCCCC(C)O,training
CC(=O)Nc1ccc(Br)cc1,training
Nc1cnn(-c2ccccc2)c(=O)c1Br,training
COC(=O)C1=C(C)NC(C)=C(C(=O)OC)C1c1ccccc1[N+](=O)[O-],training
Cc1ccc2ccc(C)nc2c1,training
C#CCCCCCC,training
CCC1(C2=CCCCC2)C(=O)NC(=O)NC1=O,training
c1ccc2c(c1)ccc1c3ccccc3ccc21,training
CCC(C)n1c(=O)[nH]c(C)c(Br)c1=O,test
Clc1cccc(-c2c(Cl)c(Cl)cc(Cl)c2Cl)c1Cl,valid
Cc1ccccc1O,valid
CC(C)CCC(C)(C)C,training
Cc1ccc(C)c2ccccc12,valid
Cc1cc2c3ccccc3ccc2c2ccccc12,training
CCCC(C)=O,training
Clc1cc(Cl)c(Cl)c(-c2c(Cl)c(Cl)cc(Cl)c2Cl)c1Cl,training
CCCOC(=O)CC,training
CC12C=CC(=O)C=C1CCC1C3CC(O)C(O)(C(=O)CO)C3(C)CC(O)C12F,training
Nc1ccc(O)cc1,training
O=C(Cn1ccnc1[N+](=O)[O-])NCc1ccccc1,valid
O=C1C(O)=C(C2CCC(c3ccc(Cl)cc3)CC2)C(=O)c2ccccc21,training
CCNc1nc(Cl)nc(N(CC)CC)n1,training
NC(=O)c1cnccn1,training
CCC(Br)(CC)C(=O)NC(N)=O,training
Clc1ccccc1-c1ccccc1Cl,valid
O=C1CN(N=Cc2ccc([N+](=O)[O-])o2)C(=O)N1,test
O=[N+]([O-])c1ccc(Oc2ccc(Cl)cc2Cl)cc1,training
CC12CCC(CC1=O)C2(C)C,training
C=CCC1(c2ccccc2)C(=O)NC(=O)NC1=O,training
CCCCC(=O)OCC,training
CC(=O)OCCC(C)C,training
CCCCCC(=O)OCN1C(=O)NC(c2ccccc2)(c2ccccc2)C1=O,training
Clc1cccc(-c2cc(Cl)ccc2Cl)c1,training
CCCBr,training
CCCC1COC(Cn2cncn2)(c2ccc(Cl)cc2Cl)O1,training
COP(=S)(OC)SCC(=O)N(C)C=O,training
Cc1ncnc2nccnc12,training
NC(N)=S,training
Cc1ccc(C)cc1,training
CCc1ccccc1CC,training
ClC(Cl)(Cl)C(Cl)(Cl)Cl,training
CC(C)C(C(=O)OC(C#N)c1cccc(Oc2ccccc2)c1)c1ccc(OC(F)F)cc1,valid
CCC[N+](=O)[O-],test
CC1CCC(C(C)C)C(=O)C1,training
CCN1c2cc(Cl)ccc2NC(=O)c2cccnc21,training
O=[N+]([O-])c1cccc(Cl)c1Cl,training
C=CCC1(C(C)CCC)C(=O)NC(=S)NC1=O,valid
c1ccc2c(c1)-c1cccc3cccc-2c13,training
CCCOC(C)C,training
Cc1cc(C)c2ccccc2c1,valid
CCC(=C(CC)c1ccc(O)cc1)c1ccc(O)cc1,training
N#Cc1c(Cl)c(Cl)c(Cl)c(C#N)c1Cl,training
Clc1ccc(Cl)c(-c2ccc(Cl)c(Cl)c2)c1,training
c1ccc(C2CO2)cc1,test
CC(C)c1ccccc1,test
CC12CCC(=O)C=C1CCC1C2CCC2(C)C(C(=O)CO)CCC12,training
Clc1c(Cl)c(Cl)c2nccnc2c1Cl,training
OC1COC(O)C(O)C1O,training
ClCCl,training
CCc1cccc2ccccc12,training
COC=O,test
O=[N+]([O-])c1ccccc1O,valid
Cc1c[nH]c(=O)[nH]c1=O,training
CC(C)C,training
OCC1OC(n2cnc3c(O)ncnc32)C(O)C1O,test
N#Cc1cc(I)c(O)c(I)c1,training
O=C(Nc1ccc([N+](=O)[O-])cc1Cl)c1cc(Cl)ccc1O,training
CCCCC,training
Oc1ccccc1,training
Nc1ccc2cc3ccccc3cc2c1,training
Cn1cnc2c1c(=O)[nH]c(=O)n2C,valid
c1ccc2cnccc2c1,training
COP(=S)(OC)SCC(=O)N(c1ccc(Cl)cc1)C(C)C,training
CCCCCCc1ccccc1,training
Clc1ccccc1-c1ccccc1,test
C=C(C)CCC,valid
CC(C)C(C)C(C)C,training
Clc1cc(Cl)c(Cl)c(Cl)c1Cl,training
O=[N+]([O-])c1cccc(O)c1,training
C=CCCCCCCCC,training
CC(=O)OCC(COC(C)=O)OC(C)=O,test
CCCCc1c(C)nc(N(C)C)nc1O,training
CC1(C)C(C=C(Cl)Cl)C1C(=O)OC(C#N)c1ccc(F)c(Oc2ccccc2)c1,training
c1ccncc1,training
CCCCCCCBr,training
Cc1ccncc1C,training
CC12CCC(=O)C=C1CCC1C3CCC(O)(C(=O)CO)C3(C)CC(O)C12F,training
CCSCc1ccccc1OC(=O)NC,training
CCOC(=O)CC(=O)OCC,training
C=C(C)C1CC=C(C)CC1,test
c1ccc2c(c1)CCC2,training
CC(C)(C)c1ccc(O)cc1,training
O=C1NC(=O)C2(CC2)C(=O)N1,valid
Clc1cccc(I)c1,training
Brc1cccc2ccccc12,test
C/C=C/CC,training
Cc1cccc(C)n1,training
ClC=C(Cl)Cl,training
Nc1cccc2ccccc12,training
Cc1cccc(C)c1,training
Oc1ncc2nccnc2n1,training
CO,training
CCC(C)=O,training
O=c1[nH]cc(F)c(=O)[nH]1,valid
Nc1ncnc2c1ccn2C1OC(CO)C(O)C1O,training
Oc1cccc(O)c1,training
CCCCCCO,test
CCCCCCl,valid
C=CC=C,training
CCCOC(C)=O,training
Oc1ccc2c(c1)CCCC2,training
NC(=O)CCl,training
COP(=S)(OC)Oc1cc(Cl)c(I)cc1Cl,valid
Cc1ccc(Cl)cc1,valid
CSc1nnc(C(C)(C)C)c(=O)n1N,test
Cc1ccc(OP(=O)(Oc2cccc(C)c2)Oc2ccccc2C)cc1,training
CCCCCC=O,training
CCCCOC(=O)c1ccc(N)cc1,training
Cc1ccc2c(c1)Oc1ncc(N)cc1C(=O)N2C,training
CC(C)=CCC/C(C)=C\CO,training
Clc1ccc(-c2ccccc2Cl)cc1,training
CCCCCCCC(=O)OCN1C(=O)NC(c2ccccc2)(c2ccccc2)C1=O,training
CC[N+](=O)[O-],training
C=C(C)CN(CC)c1c([N+](=O)[O-])cc(C(F)(F)F)cc1[N+](=O)[O-],training
Clc1ccc(Cl)c(Cl)c1Cl,test
CCCC(C)(COC(N)=O)COC(N)=O,training
CC(=O)C1CCC2C3CC=C4CC(O)CCC4(C)C3CCC12C,training
CI,test
CC1CC(C)C(=O)C(C(O)CC2CC(=O)NC(=O)C2)C1,training
CCCCCCC(=O)OCN1C(=O)NC(c2ccccc2)(c2ccccc2)C1=O,training
CC1=CC(=O)CC(C)(C)C1,valid
CCC(C)C1(CC)C(=O)NC(=O)NC1=O,training
CCCCC(=O)CCCC,training
CCC1(c2ccccc2)CCC(=O)NC1=O,training
CCC(C)CC,valid
CCOc1ccc(C(C)(C)COCc2cccc(Oc3ccccc3)c2)cc1,training
Cc1ccccc1-n1c(C)nc2ccccc2c1=O,training
N#CCCl,training
CCOP(=S)(CC)Oc1cc(Cl)c(Cl)cc1Cl,valid
C#CC1(O)CCC2C3CCC4=CC(=O)CCC4(C)C3CCC21C,training
c1ccnnc1,training
Clc1cc(Cl)c(Cl)c(Cl)c1,training
CC1COC2CC3(C)C(CC4C5C=C6CC(O)CCC6(C)CC5CCC43C)OC2C1,training
Nc1ccccc1O,training
CCCCCCCCC(=O)OCC,training
COCC(=O)N(c1c(C)cccc1C)C(C)C(=O)OC,valid
CNC(=O)Oc1ccccc1OC(C)C,training
CCC(C)Cl,training
Oc1ccc2ccccc2c1,training
CC(C)Oc1cc(-n2nc(C(C)(C)C)oc2=O)c(Cl)cc1Cl,training
C#CCCCC,training
C#CCCCCCCC,test
Cc1ccccc1Cl,valid
CC(C)OC(C)C,training
Nc1ccc(S(=O)(=O)c2ccc(N)cc2)cc1,training
CNN,training
C#CC,training
CCOP(=S)(OCC)ON=C(C#N)c1ccccc1,training
CCNP(=S)(OC)OC(C)=CC(=O)OC(C)C,training
C=CC=O,training
O=c1[nH]cnc2nc[nH]c12,training
Oc1ccc2ncccc2c1,training
Fc1ccccc1,valid
CCCCl,training
CCOC(C)=O,training
CCCC(C)(C)C,training
Cc1cc(C)c(C)c(C)c1C,training
CCCCOC(=O)CCCCCCCCC(=O)OCCCC,training
Clc1ccc(-c2ccc(Cl)cc2)cc1,valid
Cc1cccnc1C,training
C=C(C)C1CC=C(C)C(=O)C1,test
CCOP(=S)(OCC)SCSc1ccc(Cl)cc1,training
COc1cc(C2c3cc4c(cc3C(OC3OC5COC(C)OC5C(O)C3O)C3COC(=O)C23)OCO4)cc(OC)c1O,training
c1cc2cccc3c4cccc5cccc(c(c1)c23)c54,training
Cc1ccc([N+](=O)[O-])cc1[N+](=O)[O-],training
Brc1ccc2ccccc2c1,training
CNC(=O)Oc1cccc(N=CN(C)C)c1,valid
COc1cnc2ncncc2n1,training
Cc1ccnc2c1NC(=O)c1cccnc1N2C1CC1,training
CCOP(=S)(OCC)Oc1nc(Cl)n(C(C)C)n1,test
C=CC(=C)C,training
C=CC(C)(O)CCC=C(C)C,training
COP(=S)(OC)Oc1ccc(SC)c(C)c1,training
OC1CCCCC1,training
C=CCC1(C)C(=O)NC(=O)NC1=O,training
Cc1ccc(-c2ccccc2)cc1,training
CCNc1nc(Cl)nc(NC(C)C)n1,training
NC(=S)Nc1ccccc1,test
CCCC(=O)CCC,training
CC(=O)C(C)(C)C,training
Oc1ccc(Cl)cc1,training
O=C1CCCCC1,training
Cc1cccc(N)c1,training
N#CC(Cl)(Cl)Cl,test
CNc1cnn(-c2cccc(C(F)(F)F)c2)c(=O)c1Cl,training
CCCCCCCCC(C)=O,training
CCN(CC)c1nc(Cl)nc(NC(C)C)n1,valid
CCOC(=O)c1ccc(N)cc1,training
Clc1ccc(Cl)c(Cl)c1,training
Cc1nnc2n1-c1ccc(Cl)cc1C(c1ccccc1Cl)=NC2,valid
Oc1ccccc1O,training
CCN1c2ncccc2C(=O)N(C)c2cccnc21,test
CSC,test
Cc1ccccc1Br,training
CCOC(N)=O,training
CC(=O)OC1(C(C)=O)CCC2C3C=C(C)C4=CC(=O)CCC4(C)C3CCC21C,test
CC(C)C(O)C(C)C,training
c1ccc2ccccc2c1,training
CCNc1ccccc1,valid
O=C1NC(=O)C(c2ccccc2)(c2ccccc2)N1,training
Cc1c2ccccc2c(C)c2c1ccc1ccccc12,test
CCOP(=S)(OCC)SC(CCl)N1C(=O)c2ccccc2C1=O,training
COc1ccc(C(c2ccc(OC)cc2)C(Cl)(Cl)Cl)cc1,training
O=C(NC(=O)c1c(F)cccc1F)Nc1cc(Cl)c(F)c(Cl)c1F,training
CCCCC(=O)OCN1C(=O)NC(c2ccccc2)(c2ccccc2)C1=O,test
CN(C)C(=O)Nc1ccc(Cl)cc1,training
OC(Cn1cncn1)(c1ccc(F)cc1)c1ccccc1F,training
CC(=O)OCC(=O)C1(O)C(OC(C)=O)CC2C3CCC4=CC(=O)C=CC4(C)C3(F)C(O)CC21C,training
CCCCBr,training
Brc1cc(Br)c(Br)cc1Br,test
CC(=O)CC(C)C,training
CCSC(=O)N(CC)C1CCCCC1,training
COc1ccc(Cl)cc1,training
CC1(C)C(C=C(Br)Br)C1C(=O)OC(C#N)c1cccc(Oc2ccccc2)c1,training
C=CCC1(C(C)CC)C(=O)NC(=O)NC1=O,training
COP(=S)(OC)Oc1ccc([N+](=O)[O-])c(C)c1,valid
Ic1cccc2ccccc12,training
CCS,training
ClCC(Cl)Cl,training
Cc1cc(OC(=O)N(C)C)n(-c2ccccc2)n1,training
NC(=O)c1ccccc1O,training
Cc1ccccc1[N+](=O)[O-],training
CC(C)C1(C(C)C)C(=O)NC(=O)NC1=O,training
CCc1ccccc1C,training
CCCCCCCCl,training
CCC1(CC)C(=O)NC(=O)NC1=O,training
c1ccc(CCc2ccccc2)cc1,valid
ClC(Cl)C(Cl)Cl,training
CCN1c2cc(OC)cc(C)c2NC(=O)c2cccnc21,valid
Cc1ccc2c(ccc3ccccc32)c1,training
CCCCOC(=O)c1ccccc1C(=O)OCCCC,training
COc1c(O)c(Cl)c(Cl)c(Cl)c1Cl,valid
CCN(CC)C(=O)C(Cl)=CCOP(=O)(OC)OC,training
CC12CCC3C(=CCc4cc(O)ccc43)C1CCC2=O,valid
CCOC(=O)c1ccccc1S(=O)(=O)NN(C=O)c1nc(Cl)cc(OC)n1,training
COc1ccc([N+](=O)[O-])cc1,training
CCCCCCCl,training
Clc1cc(-c2cc(Cl)c(Cl)c(Cl)c2Cl)c(Cl)c(Cl)c1Cl,valid
OCC1OC(OCC2OC(OC3(CO)OC(CO)C(O)C3O)C(O)C(O)C2O)C(O)C(O)C1O,test
CCCCCCCCCCCCCCCCCCCCCCCCCC,training
CCN1c2ccccc2N(C)C(=O)c2cccnc21,training
CC(Cl)Cl,test
Nc1ccc(S(N)(=O)=O)cc1,training
CCCN(CCC)c1c([N+](=O)[O-])cc(C(C)C)cc1[N+](=O)[O-],training
ClC1C(Cl)C(Cl)C(Cl)C(Cl)C1Cl,training
CCOP(=S)(NC(C)C)Oc1ccccc1C(=O)OC(C)C,training
Clc1cccc(Cl)c1Cl,training
ClC(Cl)(Cl)Cl,training
O=[N+]([O-])c1ccc(Cl)c(Cl)c1,test
OC1CCCCCCC1,training
CC12CCC(=O)C=C1CCC1C2CCC2(C)C1CCC2(C)O,training
CCOc1ccc(NC(N)=O)cc1,training
CC1CCC(C)CC1,training
c1cnc2c(c1)ccc1ncccc12,valid
COC(C)(C)C,valid
CC=Cc1ccc(OC)cc1,training
CCCCCCCCCCCCCCCCO,training
O=c1cc[nH]c(=O)[nH]1,training
Nc1ncnc2nc[nH]c12,training
Clc1cc(Cl)c(-c2cccc(Cl)c2Cl)cc1Cl,training
COc1ccc(C(O)(c2cncnc2)C2CC2)cc1,training
c1ccc2c(c1)-c1cccc3c1c-2cc1ccccc13,training
O=C(Nc1ccccc1)Nc1ccccc1,training
CCC1(c2ccccc2)C(=O)NC(=O)NC1=O,training
Clc1ccc(-c2cccc(Cl)c2Cl)cc1,training
CC(C)c1ccc(NC(=O)N(C)C)cc1,training
CCN(CC)C(=O)CSc1ccc(Cl)nn1,training
CCC(C)(C)CO,training
CCCOC(=O)CCC,training
Cc1c([N+](=O)[O-])cc([N+](=O)[O-])cc1[N+](=O)[O-],test
CC(C)OP(=S)(OC(C)C)SCCNS(=O)(=O)c1ccccc1,training
C1CCCCCC1,training
CCCOC=O,test
Cc1ccccc1C(C)C,training
Nc1cccc(Cl)c1,training
CC(C)CC(C)C,training
c1ccc2c(c1)oc1ccccc12,training
CCOC1Oc2ccc(OS(C)(=O)=O)cc2C1(C)C,valid
CN(C)C(=O)Nc1cccc(C(F)(F)F)c1,test
c1ccc2nc3ccccc3cc2c1,valid
CC12CCC(=O)C=C1CCC1C2C(=O)CC2(C)C1CCC2(O)C(=O)CO,training
OCC1OC(O)C(O)C(O)C1O,training
Cc1cccc(O)c1,valid
CC1Cc2ccccc2N1NC(=O)c1ccc(Cl)c(S(N)(=O)=O)c1,training
CCC(C)C(=O)OC1CC(C)C=C2C=CC(C)C(CCC3CC(O)CC(=O)O3)C21,training
O=[N+]([O-])c1ccc([N+](=O)[O-])cc1,training
CCC1(C2=CCC3CCC2C3)C(=O)NC(=O)NC1=O,training
CCCCCCCCCC(=O)OCC,training
CN(C)C(=O)Nc1ccccc1,training
CCCOCC,training
CC(C)O,test
Cc1ccc2ccccc2c1,valid
ClC(Br)Br,training
CCC(c1ccc(O)cc1)C(CC)c1ccc(O)cc1,training
CCOC(=O)CC(SP(=S)(OC)OC)C(=O)OCC,training
ClCc1ccccc1,test
C/C=C/C=O,test
CON(C)C(=O)Nc1ccc(Br)c(Cl)c1,training
Cc1c2ccccc2c(C)c2ccccc12,training
CCCCCC(=O)OC,training
CN(C)C(=O)Nc1ccc(-n2nc(C(C)(C)C)oc2=O)c(Cl)c1,training
CC(=O)Nc1ccc(F)cc1,training
CCc1cccc(CC)c1N(COC)C(=O)CCl,test
C1=CCCCC1,training
CC12CCC(=O)C=C1CCC1C2C(O)CC2(C)C1CCC2(O)C(=O)CO,training
c1cncnc1,training
O=[N+]([O-])c1ccc(Cl)cc1,training
CCC(=O)OC,training
O=[N+]([O-])c1ccccc1Cl,test
CCCCN(C)C(=O)Nc1ccc(Cl)c(Cl)c1,training
CN1CC(O)N(c2nnc(C(C)(C)C)s2)C1=O,training
O=[N+]([O-])c1ccccc1,test
Ic1ccccc1,training
Cc1ccccc1N1C(=O)c2cc(S(N)(=O)=O)c(Cl)cc2NC1C,training
COc1ccccc1OCC(O)COC(N)=O,training
CCCCOCN(C(=O)CCl)c1c(CC)cccc1CC,training
Oc1cccc(Cl)c1Cl,training
CCCC(=O)OC,training
CCC(=O)Nc1ccc(Cl)c(Cl)c1,training
Nc1nc(N)c2nc(-c3ccccc3)c(N)nc2n1,training
CCCCCC(=O)OCC,valid
OCC(O)C1OC2OC(C(Cl)(Cl)Cl)OC2C1O,training
Cc1ccc(N=CN(C)C=Nc2ccc(C)cc2C)c(C)c1,training
COc1nc(NC(C)C)nc(NC(C)C)n1,test
C=CCCCCCC,training
Cc1ccc(N)cc1,training
Nc1nccs1,training
CNC(=O)Oc1ccccc1,training
CCCC(O)CC,test
Oc1c2ccccc2cc2ccccc12,training
Cc1ccc2cc3ccccc3cc2c1,training
Cc1cccc(C)c1C,valid
CNC(=O)Oc1ccc(N(C)C)c(C)c1,valid
CCCCCCCC(C)O,training
CN(C(=O)NC(C)(C)c1ccccc1)c1ccccc1,training
CCCC(=O)CC,valid
N#Cc1cc(Br)c(O)c(Br)c1,training
Clc1ccc(-c2ccccc2)cc1Cl,training
CN(C(=O)COc1nc2ccccc2s1)c1ccccc1,training
Oc1cccc2ncccc12,training
CC1=C(C(=O)Nc2ccccc2)SCCO1,test
CCOc1ccc2nc(S(N)(=O)=O)sc2c1,training
Oc1c(Cl)c(Cl)c(Cl)c(Cl)c1Cl,training
ClCBr,training
CCC1(CC)C(=O)NC(=O)N(C)C1=O,training
CC(=O)OCC(=O)C1CCC2C3CCC4=CC(=O)CCC4(C)C3CCC12C,test
NC(=O)NCc1ccccc1,training
Cc1ccc(NC(=O)N(C)C)cc1Cl,test
CON(C)C(=O)Nc1ccc(Cl)c(Cl)c1,training
OC1CCCCCC1,valid
CS(=O)(=O)c1ccc(C(O)C(CO)NC(=O)C(Cl)Cl)cc1,training
CCCC(C)C1(CC)C(=O)NC(=S)NC1=O,training
CC(=O)Nc1nnc(S(N)(=O)=O)s1,training
O=[N+]([O-])c1ccc(O)cc1,training
ClC1=C(Cl)C2(Cl)C3C4C=CC(C4)C3C1(Cl)C2(Cl)Cl,training
C1CCOC1,training
Nc1ccccc1[N+](=O)[O-],test
Clc1cccc(-c2cccc(Cl)c2Cl)c1Cl,training
CCCCC1C(=O)N(c2ccccc2)N(c2ccccc2)C1=O,training
Cc1c([N+](=O)[O-])cccc1[N+](=O)[O-],training
CC(=O)C1CCC2C3CCC4=CC(=O)CCC4(C)C3CCC12C,test
CCN(CC)c1nc(Cl)nc(N(CC)CC)n1,training
O=C1C2CC=CCC2C(=O)N1SC(Cl)(Cl)C(Cl)Cl,training
Brc1ccc(Br)c(Br)c1,training
O=C1Nc2ccc(Cl)cc2C(c2ccccc2)=NC1O,valid
C=CCC1(C(C)CCC)C(=O)NC(=O)NC1=O,training
Cc1ccc(C(C)C)cc1O,training
O=C1CSC(=S)N1,training
O=c1c(O)c(-c2ccc(O)cc2O)oc2cc(O)cc(O)c12,training
O=C1C2(Cl)C3(Cl)C4(Cl)C(Cl)(Cl)C5(Cl)C3(Cl)C1(Cl)C5(Cl)C24Cl,test
CCN(CC)C(=S)SSC(=S)N(CC)CC,valid
C1CCCCC1,training
ClC1=C(Cl)C(Cl)(C2(Cl)C(Cl)=C(Cl)C(Cl)=C2Cl)C(Cl)=C1Cl,training
Cc1cc(Cl)ccc1N=CN(C)C,training
CC12CCc3c(ccc4cc(O)ccc34)C1CCC2=O,training
CCCCCCCCO,training
CCSCC,training
ClCCCl,valid
CCC(C)(C)Cl,training
ClCCBr,training
Nc1ccc([N+](=O)[O-])cc1,training
OCC1OC(OC2C(CO)OC(O)C(O)C2O)C(O)C(O)C1O,training
CCN1C(=O)c2cccnc2N(CC)c2ncccc21,training
Clc1ccccc1,training
C=CCCCCCCC,training
Brc1ccc(I)cc1,training
CCC(C)(O)CC,training
CCCCCc1ccccc1,training
NC(=O)NC1NC(=O)NC1=O,training
O=C(OCC(O)CO)c1ccccc1Nc1ccnc2cc(Cl)ccc12,training
Clc1ccc(C(c2ccc(Cl)cc2)C(Cl)Cl)cc1,training
CC(=O)OC1CCC2C3CCC4=CC(=O)CCC4(C)C3CCC12C,training
Clc1cccc2ccccc12,test
CCN1c2ccccc2C(=O)N(C)c2ccccc21,valid
CCCCC(C)O,training
CCCC1CCCC1,test
CCOC(=O)c1cncn1C(C)c1ccccc1,training
Oc1ccc(Cl)c(Cl)c1,training
CC1(C)C(C=C(Cl)Cl)C1C(=O)OC(C#N)c1cccc(Oc2ccccc2)c1,training
c1ccc2ocnc2c1,valid
CCCCCO,training
CCN(CC)c1ccccc1,training
Fc1cccc(F)c1,test
N#CCCCl,training
CC(C)(C)Cc1ccccc1,test
Clc1ccccc1I,training
c1ccc2[nH]nnc2c1,training
CNC(=O)Oc1cccc2c1OC(C)(C)C2,training
Cc1cccc(C)c1O,training
CC(C)C(C)O,training
OC(c1ccccc1)c1ccccc1,training
CCCCCCCCCC(=O)OC,training
COP(=S)(OC)Oc1ccc([N+](=O)[O-])cc1Cl,training
CC(C)CBr,training
CCI,test
Cc1nc(N(C)C)nc(OC(=O)N(C)C)c1C,training
CCCCCCBr,training
CCCC(C)C,training
Cc1c(F)c(F)c(COC(=O)C2C(C=C(Cl)C(F)(F)F)C2(C)C)c(F)c1F,training
CCc1cccc(C)c1N(C(=O)CCl)C(C)COC,training
O=[N+]([O-])c1ccc(C=NO)o1,valid
CC(C)C(Nc1ccc(C(F)(F)F)cc1Cl)C(=O)OC(C#N)c1cccc(Oc2ccccc2)c1,training
Nc1nc[nH]n1,training
BrC(Br)Br,training
COP(=O)(OC)C(O)C(Cl)(Cl)Cl,training
CCOP(=S)(OCC)SCn1c(=O)oc2cc(Cl)ccc21,test
OCc1ccccc1,training
O=c1oc2ccccc2c(O)c1C1CCCc2ccccc21,training
Oc1ccc(Br)cc1,training
CC(C)Br,training
CC(C)CC(C)(C)C,training
O=[N+]([O-])c1cc([N+](=O)[O-])cc([N+](=O)[O-])c1,training
CN1C(=O)CN=C(c2ccccc2)c2cc([N+](=O)[O-])ccc21,training
CCC,training
Nc1cc(N2CCCCC2)nc(N)[n+]1[O-],training
Nc1cccc2nc3ccccc3cc12,training
c1ccc2cc3c(cc2c1)-c1cccc2cccc-3c12,test
OC(c1ccc(Cl)cc1)(c1ccc(Cl)cc1)C(Cl)(Cl)Cl,training
c1cc2c3c(cccc3c1)CC2,training
Brc1ccc(Br)cc1,training
Cn1c(=O)on(-c2ccc(Cl)c(Cl)c2)c1=O,training
Oc1ccc(-c2ccccc2)cc1,training
CC1=C(C(=O)Nc2ccccc2)CCCO1,training
C=COCC,training
C#CCC,training
COc1ncnc2nccnc12,training
CCCCC(C)(O)CC,training
Clc1ccc(Cl)cc1,training
CC(=O)OCN1C(=O)NC(c2ccccc2)(c2ccccc2)C1=O,training
CSCS(=O)CC(CO)NC(=O)C=Cc1c(C)[nH]c(=O)[nH]c1=O,training
Cc1c[nH]c2ccccc12,training
COc1ncc2nccnc2n1,training
CNC(=O)Oc1ccccc1C1OCCO1,training
CC(C)CNC(=O)N1CCNC1=O,training
CC#N,training
CCOC(=O)NCCOc1ccc(Oc2ccccc2)cc1,training
CC(=O)N(c1onc(C)c1C)S(=O)c1ccc(N)cc1,training
ClCC(Cl)(Cl)Cl,test
CCCCO,training
CC1CCCCC1NC(=O)Nc1ccccc1,training
Clc1cc(Cl)cc(Cl)c1,training
O=Cc1ccco1,test
CC(C)CCO,valid
O=Cc1ccc2c(c1)OCO2,training
C=C(C)C,training
O=Cc1ccccc1,training
C=C(C)C(=C)C,training
CCOC(=O)CCN(SN(C)C(=O)Oc1cccc2c1OC(C)(C)C2)C(C)C,training
CN1C(=O)c2cccnc2Oc2ccccc21,training
c1ccc2c(c1)Cc1ccccc1-2,training
CC1CCCCC1,training
N=C(N)NS(=O)(=O)c1ccc(N)cc1,training
COC(=O)c1ccc(O)cc1,test
CC1CCCO1,training
CC1=C2C3OC(=O)C(C)C3CCC2(C)C=CC1=O,valid
OCc1ccccc1OC1OC(CO)C(O)C(O)C1O,training
CCCI,test
CCNc1nc(NC(C)C)nc(SC)n1,training
CCCO,training
CC(=O)C1(O)CCC2C3CCC4=CC(=O)CCC4(C)C3CCC21C,training
CCCC(C)O,training
O=C(c1ccccc1)C(O)c1ccccc1,training
Cc1ccc(O)c(C)c1,training
O=[N+]([O-])c1cccc(Cl)c1,training
Cc1c(N)c(=O)n(-c2ccccc2)n1C,training
Clc1ccc(-c2cc(Cl)ccc2Cl)c(Cl)c1,training
ClC(Cl)=C(Cl)C(Cl)=C(Cl)Cl,training
CCNc1nc(NC(C)(C)C)nc(SC)n1,test
CCC(C)CCO,training
Cc1ncc2nccnc2n1,valid
C#CC1(O)CCC2C3CCC4=Cc5oncc5CC4(C)C3CCC21C,training
CCCCI,training
CC1OC(OC2C(O)CC(OC3C(O)CC(OC4CCC5(C)C(CCC6C5CC(O)C5(C)C(C7=CC(=O)OC7)CCC65O)C4)OC3C)OC2C)CC(O)C1O,training
FC(F)(F)c1ccccc1,training
CCCCCCOC(=O)c1ccccc1C(=O)OCCCCCC,test
c1ccc2c(c1)sc1ccccc12,training
Clc1ccc(-c2ccc(Cl)c(Cl)c2Cl)c(Cl)c1,training
Clc1ccc(-c2ccc(Cl)c(Cl)c2Cl)c(Cl)c1Cl,training
CC(=O)CC(c1ccccc1)c1c(O)c2ccccc2oc1=O,training
OC(c1ccccc1)C(O)c1ccccc1,training
COC(=O)c1ccccc1C(=O)OC,training
CCCCCCCC(=O)OCC,training
CCSSCC,valid
CCOCCOCC,training
Clc1cc(Cl)c(Cl)cc1Cl,training
Nc1ccc(-c2ccc(N)cc2)cc1,valid
C=CCCCCC,training
CCCCc1c(C)nc(NCC)[nH]c1=O,training
CCCC(C)C1(CC)C(=O)NC(=O)NC1=O,training
Nc1ccccc1Cl,training
COc1cccc(Cl)c1,test
CCCCN(CC)C(=O)SCCC,valid
CCCCOC=O,training
CC12C=CC(=O)C=C1CCC1C2C(O)CC2(C)C1CCC2(O)C(=O)CO,training
ClC(Cl)Br,training
CC12CC(=O)C3C(CCC4=CC(=O)CCC43C)C1CCC2=O,training
c1ccc(-c2ccc(-c3ccccc3)cc2)cc1,training
O=Cc1ccc(O)cc1,training
CBr,training
Cc1cc(S(=O)(=O)c2ccccc2)ccc1NS(=O)(=O)C(F)(F)F,training
CC(=O)CC(c1ccc(Cl)cc1)c1c(O)c2ccccc2oc1=O,training
CCc1ccc2ccccc2c1,training
Cc1c[nH]c(=O)nc1N,training
Clc1c(Cl)c(Cl)c(-c2ccccc2)c(Cl)c1Cl,training
O=C(Nc1ccccc1)c1ccccc1I,training
Cc1cc2nc3c(=O)[nH]c(=O)nc-3n(CC(O)C(O)C(O)CO)c2cc1C,training
Fc1ccccc1Br,test
Oc1ccc(Cl)cc1Cl,training
CC1(C)C(C=C(Cl)Cl)C1C(=O)OCc1cccc(Oc2ccccc2)c1,training
CN1C(C(=O)Nc2ccccn2)=C(O)c2ccccc2S1(=O)=O,training
CCC(=O)OCN1C(=O)NC(c2ccccc2)(c2ccccc2)C1=O,training
C1CCCC1,test
Cc1ccccc1N,training
C=CCc1ccc(OC)cc1,training
CN(C)C(=O)Nc1cccc(OC(=O)NC(C)(C)C)c1,training
C=CC(C)C,training
Oc1ccccn1,test
CC,training
Clc1ccccc1Cl,valid
Sc1nc2ccccc2s1,training
Clc1c(Cl)c(Cl)c(-c2c(Cl)c(Cl)c(Cl)c(Cl)c2Cl)c(Cl)c1Cl,training
COc1c2occc2cc2ccc(=O)oc12,training
CC(N)=O,training
Cc1cccc2ccccc12,training
CCN(CC)C(=O)C(C)Oc1cccc2ccccc12,training
CC(O)C(C)(C)C,training
CCCC(=O)OCC,training
CC1=CC(=O)c2ccccc2C1=O,training
c1ccc2c(c1)ccc1ccccc12,training
Cc1ccnc(C)c1,training
CCCCCCCCCO,training
BrCBr,training
CC1CC2C3CCC4=CC(=O)C=CC4(C)C3(F)C(O)CC2(C)C1(O)C(=O)CO,training
Cc1ccc2cc(C)ccc2c1,training
CCSC(=O)N(CC(C)C)CC(C)C,valid
O=[N+]([O-])OCC(CO[N+](=O)[O-])O[N+](=O)[O-],valid
Nc1cccc([N+](=O)[O-])c1,training
CCCCCl,valid
O=CNC(N1C=CN(C(NC=O)C(Cl)(Cl)Cl)C=C1)C(Cl)(Cl)Cl,training
Cn1cc(-c2ccccc2)c(=O)c(-c2cccc(C(F)(F)F)c2)c1,training
Nc1cc2c3ccccc3ccc2c2ccccc12,training
CC12CCC3c4ccc(O)cc4CCC3C1CCC2=O,training
CCN1c2ccccc2N(C)C(=S)c2cccnc21,valid
CC1CO1,training
O=C1CN=C(c2ccccc2)c2cc([N+](=O)[O-])ccc2N1,training
CCNC(=S)NCC,training
Oc1cc(Cl)cc(Cl)c1Cl,training
CCCCC(=O)OC,training
Nc1ccccc1,training
Cc1cccc2c(C)cccc12,training
NS(=O)(=O)c1cc2c(cc1Cl)NCNS2(=O)=O,training
C1=Cc2cccc3cccc1c23,test
CCCCCOC(=O)CC,training
CCNc1nc(NC(C)C)nc(OC)n1,test
c1ccc2c(c1)cc1ccc3cccc4ccc2c1c34,training
CCBr,test
CCC#CCC,training
CC1OC(OC2C(O)CC(OC3C(O)CC(OC4CCC5(C)C(CCC6C5CCC5(C)C(C7=CC(=O)OC7)CCC65O)C4)OC3C)OC2C)CC(O)C1O,training
C=C(C)CC,training
Oc1cccc2cccnc12,training
c1ccc2c(c1)CCCC2,test
O=C1OC(c2ccc(O)cc2)(c2ccc(O)cc2)c2ccccc21,training
Brc1cc(Br)cc(Br)c1,training
COP(=S)(OC)Oc1cc(Cl)c(Cl)cc1Cl,training
Cc1cc(=O)[nH]c(=S)[nH]1,training
C=CCc1ccc(O)c(OC)c1,training
C=CCC1(C(C)C)C(=O)NC(=O)NC1=O,valid
c1cc2ccc3cccc4ccc(c1)c2c34,training
CCOC(C)OCC,training
CC1(C)CON(Cc2ccccc2Cl)C1=O,training
CCCCOCCO,training
O=[N+]([O-])c1c(Cl)c(Cl)c(Cl)c(Cl)c1Cl,training
O=C1C(Cl)C(CCl)CN1c1cccc(C(F)(F)F)c1,test
c1ccc2ncccc2c1,training
COC(=O)c1cc(O)c(O)c(O)c1,test
OC(Cn1cncn1)(Cn1cncn1)c1ccc(F)cc1F,training
O=c1[nH]c2cc(Cl)ccc2o1,training
Clc1ccc(-c2c(Cl)c(Cl)c(Cl)c(Cl)c2Cl)c(Cl)c1,valid
O=C1NC(=O)C(=O)C(=O)N1,training
ClCCCCl,training
Fc1cccc(Br)c1,training
Clc1ccc(Br)cc1,test
CC(C)C(C)C,training
C=CCC,training
Clc1ccc(Cl)c(-c2cc(Cl)c(Cl)c(Cl)c2Cl)c1,training
Nc1cc[nH]c(=O)n1,training
FC(F)(Cl)C(F)(Cl)Cl,training
CCC#N,valid
Clc1ccc(C(c2ccccc2Cl)C(Cl)Cl)cc1,training
COc1ccccc1[N+](=O)[O-],valid
CC12CCC3C(CC=C4CC(O)CCC43C)C1CCC2=O,training
CC12CC1(C)C(=O)N(c1cc(Cl)cc(Cl)c1)C2=O,training
c1cc2ccc3ccc4ccc5cccc6c(c1)c2c3c4c56,training
CCC(C)c1cc([N+](=O)[O-])cc([N+](=O)[O-])c1O,training
COC1=C(OC)C2C(=O)OCC2C=C1,training
OCC(O)CO,valid
COc1ccccc1O,training
CCOP(=S)(OCC)Oc1nc(Cl)c(Cl)cc1Cl,training
Cc1c2ccccc2cc2ccccc12,training
Cc1cc(=O)n(-c2ccccc2)n1C,valid
CCCCOC,valid
Cc1cnc2cncnc2n1,training
CCNc1nc(Cl)nc(NCC)n1,training
CC(=O)N(C)C,training
CSc1nc(N(C)C)nc(N(C)C)n1,training
C=C,training
CC(C)(C)CCO,training
C=CCC1(CC)C(=O)NC(=O)NC1=O,training
Oc1ccc(Cl)c(Cl)c1Cl,training
COc1ccccc1,training
CC(C)OC(=O)C(O)(c1ccc(Cl)cc1)c1cccc(Cl)c1,training
CC12CCC(=O)C=C1CCC1C2C(O)CC2(C=O)C(C(=O)CO)CCC12,training
COc1ccc(Oc2ccc(NC(=O)N(C)C)cc2)cc1,training
CCc1ccc(C)cc1,training
CC(C)SC(C)C,training
O=[N+]([O-])c1cccc([N+](=O)[O-])c1,training
CCOP(=S)(OCC)SCSP(=S)(OCC)OCC,training
CC(=O)OCC(=O)C1(O)CCC2C3CCC4=CC(=O)CCC4(C)C3C(=O)CC21C,training
Nc1ccc(Cl)cc1,training
CCCC(C)(C)CO,training
c1ccoc1,training
COCCCNc1nc(NC(C)C)nc(SC)n1,valid
CN(C)C(=O)NC1CC2CC1C1CCCC21,training
CC(C)(C)c1ccccc1,training
CC(=O)CCC1C(=O)N(c2ccccc2)N(c2ccccc2)C1=O,training
CC(=O)OCC(=O)C1(O)CCC2C3CCC4=CC(=O)C=CC4(C)C3C(O)CC21C,training
CCCOC,training
CC(=O)OC(C)C,training
Brc1ccccc1,training
CCOC(=O)c1ccc(O)cc1,training
CCCC(=O)OCN1C(=O)NC(c2ccccc2)(c2ccccc2)C1=O,training
CCC(=O)OC1CCC2C3CCC4=CC(=O)CCC4(C)C3CCC12C,training
c1cc2ccc3ccc4ccc5ccc6ccc1c1c2c3c4c5c61,test
O=c1[nH]cnc2[nH]ncc12,training
C=CCl,training
CN(C)C(=O)C(c1ccccc1)c1ccccc1,training
BrC(Br)(Br)Br,valid
CCN1c2cc(N(C)C)cc(C)c2NC(=O)c2cccnc21,valid
O=C1NC(=O)c2ccccc21,training
OC(c1ccc(Cl)cc1)(c1cncnc1)c1ccccc1Cl,training
COC(=O)c1ccccc1,training
Cn1ccc(=O)[nH]c1=O,training
CCCCC1C(=O)N(c2ccccc2)N(c2ccc(O)cc2)C1=O,valid
Clc1ccc(Cl)c(-c2cccc(Cl)c2Cl)c1,training
CCC1NC(=O)c2cc(S(N)(=O)=O)c(Cl)cc2N1,training
CN(C)C(=O)Nc1ccc(Cl)c(Cl)c1,training
C1=CCCC1,training
O=C1NC(=O)C(O)(C2(O)C(=O)NC(=O)NC2=O)C(=O)N1,training
CCCCCCCCC,training
Oc1ccccc1Cl,test
Cc1cc2ccccc2c2ccc3ccccc3c12,training
CCOc1ccccc1,valid
CCOC(=O)C=Cc1ccccc1,training
Cc1[nH]c(=O)n(C(C)(C)C)c(=O)c1Cl,training
O=C1CN=C(c2ccccc2Cl)c2cc([N+](=O)[O-])ccc2N1,training
Cc1ccc(S(N)(=O)=O)cc1,training
C#CC(C)OC(=O)Nc1cccc(Cl)c1,training
CCCCCC(C)C,training
CC1(C)C(C=C(Cl)C(F)(F)F)C1C(=O)OC(C#N)c1cccc(Oc2ccccc2)c1,valid
CCCC1C(=O)N2C(N(C)C)=Nc3ccc(C)cc3N2C1=O,training
CN1C(=O)CN=C(c2ccccc2)c2cc(Cl)ccc21,training
CCC(O)C(C)C,training
CCOP(=S)(OCC)Oc1ccc(S(C)=O)cc1,training
CC1(C)C2CCC1(C)C(O)C2,training
CC12CCC(=O)C=C1CCC1C2CCC2(C)C(O)CCC12,training
CCCCCCC,training
Oc1cccc2ccccc12,training
CC1CCCCC1C,training
COc1cc2c(N)nc(N3CCN(C(=O)OCC(C)(C)O)CC3)nc2c(OC)c1OC,training
c1cc2c3c(c4ccc5ccccc5c4cc3c1)CC2,training
CC(=O)C1(C)CCC2C3C=C(C)C4=CC(=O)CCC4(C)C3CCC21C,training
CCCCCC(C)=O,valid
COP(=O)(NC(C)=O)SC,valid
CCCCSP(=O)(SCCCC)SCCCC,training
O=C1NC(=O)C2C=CC=CC12,training
NS(=O)(=O)c1cc2c(cc1Cl)NC(C(Cl)Cl)NS2(=O)=O,training
CC=C(C)C,training
Cc1ccc(C)c(C)c1,training
Oc1cc(Cl)c(Cl)cc1Cl,test
c1ccc2c(c1)cnc1ccccc12,training
CCCC(C)(O)CC,test
CCCCCCCC,training
c1ccc2cc3ccccc3cc2c1,valid
NNc1ccccc1,training
CCC=O,training
C1CCCCCCC1,training
C=CCC1(CC=C)C(=O)NC(=O)NC1=O,training
ClC(Cl)Cl,training
O=c1ccnc(S)[nH]1,training
O=C(Nc1ccccc1)N(Cc1ccc(Cl)cc1)C1CCCC1,valid
CC1=CCCCC1,training
CCCCC(C=O)CC,training
COc1c2occc2c(OC)c2c(=O)cc(C)oc12,training
c1ccc2c3c(ccc2c1)-c1cccc2cccc-3c12,test
CCC(C=O)CC,training
CCCOCCC,training
CCCCCCCCCCCCCCO,training
Oc1c(Cl)ccc(Cl)c1Cl,training
NC(N)=O,training
C#CCCC,valid
Brc1cccc(Br)c1,test
CCCCCCCCCCCCCCCCCCO,training
CC(=O)Nc1ccccc1,training
O=C1C=C2CC3(O)COc4c(ccc(O)c4O)C3=C2C=C1O,training
NNC(=O)c1ccncc1,training
OC1C=CC2C1C1(Cl)C(Cl)=C(Cl)C2(Cl)C1(Cl)Cl,valid
CC(C)CCOC=O,training
CC(=O)c1ccccc1,training
c1ccc2nc(-c3ccc4ccccc4n3)ccc2c1,training
CCOP(=O)(OCC)OCC,training
CC12CCC(C1)C(C)(C)C2=O,training
COc1cnc2cncnc2n1,training
ClC1=C(Cl)C2(Cl)C3CC=CC3C1(Cl)C2(Cl)Cl,training
CC(C)[N+](=O)[O-],training
c1ccc2c(c1)[nH]c1ccccc12,training
OCC(O)C(O)CO,valid
CCCOC(=O)c1ccc(N)cc1,training
CNC(=O)C=C(C)OP(=O)(OC)OC,training
O=C1CCC(=O)N1,valid
CCC(C)C(C)C,training
CCCCc1c(C)nc(NCC)nc1OS(=O)(=O)N(C)C,training
CCN1c2ncccc2C(=S)N(C)c2cccnc21,training
CCN1C(=O)c2ccccc2Oc2ccccc21,training
C1CCOCC1,training
C#CCCCCC,training
COc1ccc2ccc(=O)oc2c1CC=C(C)C,training
Cc1ccc2c(ccc3c4c5c(cccc5cc32)CC4)c1,training
CCOC(=O)c1ccccc1,training
CC(C)CCl,training
C#CC1(O)CCC2C3CCc4cc(O)ccc4C3CCC21C,training
CCCCCCCCCCCC(=O)OC,training
CCCSCCC,valid
c1ccc2cc3cc4ccccc4cc3cc2c1,training
CCCCCBr,training
C/C=C/CCCC,training
CCCCCC1CCCC1,test
Clc1ccc(Cl)c(-c2c(Cl)c(Cl)cc(Cl)c2Cl)c1,training
CC(Cl)(Cl)Cl,training
CON(C)C(=O)Nc1ccc(Cl)cc1,training
O=C1NC(=O)C2(CCCCC2)C(=O)N1,valid
CN(C)C(=O)OC1=CC(=O)CC(C)(C)C1,training
Cc1ccc(Br)cc1,training
CCOCC,training
CC(C)NC(=O)N1CC(=O)N(c2cc(Cl)cc(Cl)c2)C1=O,training
CCCCN(CC)c1c([N+](=O)[O-])cc(C(F)(F)F)cc1[N+](=O)[O-],training
Cc1cc(C)c(O)c(C)c1,training
c1ccccc1,training
Clc1ccc(I)cc1,training
COc1ccc(NC(=O)N(C)C)cc1Cl,training
CC(C)N(C(=O)CCl)c1ccccc1,valid
C=Cc1ccccc1,training
COCOC,training
Cc1ccccc1C,training
CCC(C)O,training
Oc1ccc(O)cc1,valid
CC12CCC3c4ccc(O)cc4CCC3C1CC(O)C2O,training
c1ccc2c(c1)Cc1cc3ccccc3cc1-2,test
O=C1CNC(=O)N1,training
CCCCCCc1ccc(O)cc1O,training
C=CCSS(=O)CC=C,training
CCOP(=S)(OCC)Oc1ccc2oc(=O)c(Cl)c(C)c2c1,training
Cc1c(C)c2c3ccccc3ccc2c2ccccc12,training
CCCCC(=O)OC1(C(=O)CO)C(C)CC2C3CCC4=CC(=O)C=CC4(C)C3(F)C(O)CC21C,training
O=c1[nH]c(=O)c2[nH]c(=O)[nH]c2[nH]1,training
Oc1c(Cl)cc(Cl)c(Cl)c1Cl,training
Clc1cccc(Cl)c1,training
Clc1ccc(C(c2ccc(Cl)cc2)C(Cl)(Cl)Cl)cc1,training
CC(C)COC=O,training
CSc1ccccc1,training
CCN1c2ncccc2C(=O)Nc2c(C(F)(F)F)cc(C)nc21,training
CCCCCC,valid
COC(=O)c1cccnc1,valid
NS(=O)(=O)c1cc2c(cc1C(F)(F)F)NC(Cc1ccccc1)NS2(=O)=O,training
Clc1ccc(-c2cc(Cl)c(Cl)c(Cl)c2Cl)cc1Cl,training
C=CC1(C)OC(=O)N(c2cc(Cl)cc(Cl)c2)C1=O,training
CCNc1nc(Cl)nc(NC(C)(C)C#N)n1,training
c1ccc2c(c1)c1ccccc1c1ccccc21,training
CC=C(C(=CC)c1ccc(O)cc1)c1ccc(O)cc1,training
CCCCC(CC)COC(=O)c1ccccc1C(=O)OCC(CC)CCCC,training
CCc1ccccn1,valid
COP(=O)(OC)OC(Br)C(Cl)(Cl)Br,training
c1ccc(-c2ccccc2)cc1,training
Clc1cc(Cl)c(-c2c(Cl)cc(Cl)cc2Cl)c(Cl)c1,valid
CN(C)c1nc(N(C)C)nc(N(C)C)n1,valid
CC(C)CC(C)(C)O,training
O=C1NC(=O)C2(CCCCCC2)C(=O)N1,training
OCC1OC(O)(CO)C(O)C1O,test
Cc1cc(C)cc(O)c1,training
O=C(Nc1cccc(Cl)c1)OCC#CCCl,training
CC(=O)Nc1ccc(Cl)cc1,valid
Clc1ccc(Cl)c(-c2c(Cl)c(Cl)c(Cl)c(Cl)c2Cl)c1,training
CCC(C)(C)C,training
CNc1ccccc1,training
C=CCC=C,training
CC(=O)OCC(=O)C1(O)CCC2C3CCC4=CC(=O)CCC4(C)C3C(O)CC21C,training
Cc1cc([N+](=O)[O-])cc([N+](=O)[O-])c1O,training
O=C1Nc2ccc(Cl)cc2C(c2ccccc2Cl)=NC1O,training
Oc1cccc(Cl)c1,training
Clc1cccc(Br)c1,training
NS(=O)(=O)c1cc2c(cc1Cl)N=CNS2(=O)=O,training
CCC1(C)C(=O)NC(=O)NC1=O,valid
OCCOc1ccccc1,training
c1ccc(Cc2ccccc2)cc1,training
CCCCCC(O)CC,training
CCN(Cc1c(F)cccc1Cl)c1c([N+](=O)[O-])cc(C(F)(F)F)cc1[N+](=O)[O-],training
CC(C)Nc1nc(Cl)nc(NC(C)C)n1,training
CCCC(C)CO,training
CCCCC(C)(C)O,training
CCc1ccccc1,training
CCC1(CC=C(C)C)C(=O)NC(=O)NC1=O,training
ClC1=C(Cl)C2(Cl)C3C(Cl)C=CC3C1(Cl)C2(Cl)Cl,valid
C=C(Br)CC1(C(C)CC)C(=O)NC(=O)NC1=O,training
CC1(C)C(C(=O)OC(C#N)c2cccc(Oc3ccccc3)c2)C1(C)C,training
COC(C)(C)CCCC(C)CC=CC(C)=CC(=O)OC(C)C,training
CCOC(=O)CC,training
CSc1nc(NC(C)C)nc(NC(C)C)n1,training
C#CC(C)N(C)C(=O)Nc1ccc(Cl)cc1,training
Cc1cc2ccccc2cc1C,training
Clc1ccc(-c2cc(Cl)ccc2Cl)cc1,training
Clc1ccc(-c2cc(Cl)c(Cl)c(Cl)c2Cl)c(Cl)c1,test
N#CN=C(N)N,training
O=[N+]([O-])C(Cl)(Cl)Cl,training
Clc1cccc(Cl)c1-c1ccccc1,training
COc1ccc(C=O)cc1,training
CC(=O)Nc1ccc([N+](=O)[O-])cc1,training
CCCCCCC(=O)OCC,training
CC(=O)Nc1ccc(O)cc1,test
c1ccc2[nH]ncc2c1,training
CC1(C)OC2CC3C4CCC5=CC(=O)C=CC5(C)C4(F)C(O)CC3(C)C2(C(=O)CO)O1,training
Nc1nc2[nH]cnc2c(=O)[nH]1,training
COC(C)=O,training
CC12CCC3C(CCC4CC(=O)CCC43C)C1CCC2O,training
C=CC(O)CCC,training
O=C1NC(=O)C2C3C(C(O)(c4ccccc4)c4ccccn4)=CC(C3=C(c3ccccc3)c3ccccn3)C12,training
CCCCOCCCC,training
CCCCCCCCCCCCO,test
CCN1c2nc(N(C)CCO)ccc2NC(=O)c2cccnc21,training
CCCC(C)(C)O,training
Nc1nc(=O)[nH]cc1F,training
CCCCOc1ccc(C(=O)OCC)c(N(CC)CC)c1,training
CCCCCC(C)(C)O,training
Cc1c(C)c(C)c(C)c(C)c1C,valid
Cc1ccc(C(C)C)c(O)c1,test
c1cnc2ncncc2n1,training
CCOP(=S)(OCC)Oc1ccc([N+](=O)[O-])cc1,training
C,training
c1ccc2c(c1)CCN2,test
O=[N+]([O-])c1cccc2ccccc12,test
CCC(C)C(C)=O,training
Nc1nc(O)nc2nc[nH]c12,test
O=c1oc2ccccc2c(O)c1C(CC(O)c1ccc(-c2ccc(Br)cc2)cc1)c1ccccc1,training
C[N+](=O)[O-],training
CC(C)N(C(=O)SCC(Cl)=C(Cl)Cl)C(C)C,training
C=CCCC=C,training
c1ccc2[nH]ccc2c1,training
CC12CCC3C(CCC4=CC(=O)CCC43C)C1CCC2=O,training
C=CCCCC,training
Cc1cccc(C)c1NC(=O)c1cc(S(N)(=O)=O)c(Cl)cc1O,training
CCC1CCCCC1,valid
CCCCCCCC(C)=O,training
COC(=O)Nc1nc2ccc(C(=O)c3ccccc3)cc2[nH]1,training
CC(C)OC(=O)Nc1cccc(Cl)c1,training
CCN1c2ncccc2C(=O)N(C)c2ccc(Cl)nc21,training
CNC(=O)Oc1cccc2ccccc12,training
C#C,training
Cc1cncc(C)c1,training
C1=CCC=CC1,valid
CCOC(=O)N(C)C(=O)CSP(=S)(OCC)OCC,training
CC(O)c1ccccc1,test
CC(Cl)CCl,training
CCCC=C(C=O)CC,training
CCOP(=S)(OCC)SCCSCC,training
CC(=O)OC1(C)CCC2C3CCC4=CC(=O)CCC4(C)C3CCC21C,training
Clc1ccc(-c2c(Cl)cccc2Cl)cc1,training
O=C(NC(=O)c1c(F)cccc1F)Nc1ccc(Cl)cc1,training
Oc1cc(Cl)ccc1Oc1ccc(Cl)cc1Cl,valid
CC(C)CCCCCOC(=O)c1ccccc1C(=O)OCCCCCC(C)C,training
CC12CCC(=O)C=C1CCC1C2C(O)CC2(C)C(C(=O)CO)CCC12,training
Cc1cc(C)cc(C)c1,training
CCCCCCCCOC(=O)c1ccccc1C(=O)OCCCCCCCC,training
CCCCCCCCCCCCCCCO,training
Clc1cccc(Cl)c1-c1c(Cl)cccc1Cl,training
CC1(C)C(=O)NC(=O)NC1=O,training
CC(C)I,training
O=[N+]([O-])c1ccccc1[N+](=O)[O-],training
CC(=O)C(C)C,training
CCCCCCCCCCCCCCCC,training
Cc1cccc2sc3nncn3c12,training
CCCCCCC(C)=O,training
CCCCCCCCC(=O)OC,training
Fc1ccc(F)cc1,training
O=C1CCC(N2C(=O)c3ccccc3C2=O)C(=O)N1,training
CCCN(CCC)c1c([N+](=O)[O-])cc(C(F)(F)F)cc1[N+](=O)[O-],training
CCO,valid
O=C1NC(=O)C2(CCCC2)C(=O)N1,valid
CCNC(=O)C(C)OC(=O)Nc1ccccc1,test
CC(C)=CC1C(C(=O)OCc2cccc(Oc3ccccc3)c2)C1(C)C,training
CN(C)C(=O)NC1CCCCCCC1,training
ClC1(Cl)C2(Cl)C3(Cl)C4(Cl)C(Cl)(Cl)C5(Cl)C3(Cl)C1(Cl)C5(Cl)C24Cl,training
CCCCCCCCBr,training
CCCCNC(=O)n1c(NC(=O)OC)nc2ccccc21,training
Cc1c(N(C)C)c(=O)n(-c2ccccc2)n1C,training
CCC(O)CC,training
Cc1ccc([N+](=O)[O-])cc1,training
CC(C)CCCO,training
C#CC1(O)CCC2C3CCC4=CC(=O)CCC4(O)C3CCC21C,training
CC(C)OC(=O)C(O)(c1ccc(Br)cc1)c1ccc(Br)cc1,training
Nc1cnn(-c2ccccc2)c(=O)c1Cl,training
CCC(C)(C)O,training
Cc1ccc(O)cc1,valid
CCOC=O,training
CN(C)c1ccccc1,training
C1CCC2CCCCC2C1,training
CCCCS,training
c1ccc2c(c1)c1cccc3ccc4cccc2c4c31,training
ClC(Cl)=C(Cl)Cl,training
CCC(=O)CC,training
C=CC#N,training
CC1CC2C3CC(F)C4=CC(=O)C=CC4(C)C3(F)C(O)CC2(C)C1(O)C(=O)CO,test
CCCCC(C)=O,training
CCNc1nc(NC(C)(C)C)nc(OC)n1,training
CCCCC(C)CC,training
BrCCBr,test
CNC(=O)Oc1ccccc1C(C)C,training
O=C1NCCN1c1ncc([N+](=O)[O-])s1,test
c1ccc2c(c1)Cc1c-2ccc2ccccc12,training
COc1ccccc1Cl,training
COP(=S)(OC)Oc1cc(Cl)c(Br)cc1Cl,training
O=C(CC(Cl)Cl)NC1=C(Cl)C(=O)c2ccccc2C1=O,training
C=CC(=O)OC,training
CN(C)C(=O)Nc1ccc(Oc2ccc(Cl)cc2)cc1,training
c1ccc(N=Nc2ccccc2)cc1,training
Cc1ccc(C(C)C)cc1,training
Oc1c(Cl)cccc1Cl,training
OCC1OC(OC2(CO)OC(CO)C(O)C2O)C(O)C(O)C1O,training
OC1C(O)C(O)C(O)C(O)C1O,training
Cn1c(=O)c2c(ncn2CC(O)CO)n(C)c1=O,training
O=C(NC(CO)C(O)c1ccc([N+](=O)[O-])cc1)C(Cl)Cl,training
CCC(O)(CC)CC,training
CC12CCC3C(CCC4CC5SC5CC43C)C1CCC2O,valid
Brc1ccccc1Br,training
Oc1c(Cl)cc(Cl)cc1Cl,training
CCCN(CCC)c1c([N+](=O)[O-])cc(S(N)(=O)=O)cc1[N+](=O)[O-],training
O=C1c2ccccc2Cc2ccccc2N1CCF,training
CC(C)C(=O)C(C)C,training
CC(C)=CCC1(C(C)C)C(=O)NC(=O)NC1=O,training
COC1=CC2OC3C=CC(O)=CC3C(=O)C2C(O)=C1,training
Cn1c(=O)c2c(ncn2C)n(C)c1=O,training
CC(=O)SC1CC2=CC(=O)CCC2(C)C2CCC3(C)C(CCC34CCC(=O)O4)C12,training
Cc1ccc(O)cc1C,training
c1ccc(Oc2ccccc2)cc1,training
Clc1cc(Cl)c(-c2cc(Cl)c(Cl)cc2Cl)cc1Cl,test
NC(=O)c1cccnc1,valid
Sc1ccccc1,training
CNC(=O)Oc1cc(C)cc(C)c1,training
ClC1=C(Cl)C2(Cl)C3C(Cl)C(Cl)CC3C1(Cl)C2(Cl)Cl,training
CSSC,training
NC(=O)c1ccccc1,training
Clc1ccccc1Br,training
COC(=O)c1ccccc1OC1OC(COC2OCC(O)C(O)C2O)C(O)C(O)C1O,test
CCCCC(O)CC,training
CCN1c2ncccc2C(=O)Nc2c(C)cc(C)nc21,training
Oc1cc(Cl)cc(Cl)c1,training
Cc1cccc2c1ccc1ccccc12,training
CCCCC(CC)CO,valid
CC(C)N(C(=O)SCC(Cl)=CCl)C(C)C,valid
Cc1ccccc1,test
Clc1cccc(C(Cl)(Cl)Cl)n1,training
C1=CCCCCC1,training
CN(C)C(=S)SSC(=S)N(C)C,valid
COC1=CC(=O)CC(C)C12Oc1c(Cl)c(OC)cc(OC)c1C2=O,training
CCCCCCCCCCO,test
CCC(C)(C)CC,training
CNC(=O)C(C)SCCSP(=O)(OC)OC,training
Oc1cc(Cl)c(Cl)c(Cl)c1Cl,training
CCCC=O,training
CC(=O)OCC(=O)C1(O)C(C)CC2C3CCC4=CC(=O)C=CC4(C)C3(F)C(O)CC21C,training
CCCC,training
CC(=O)C1(O)CCC2C3CC(C)C4=CC(=O)C=CC4(C)C3(F)C(O)CC21C,training
ClC(Cl)C(Cl)(Cl)Cl,test
CCOC(=O)c1ccccc1C(=O)OCC,test
CC(C)CO,training
CC(C)Cc1ccccc1,valid
ICI,test
CCCC(O)CCC,test
CCCCCOC(C)=O,test
Oc1c(Cl)c(Cl)cc(Cl)c1Cl,training
CCCc1ccccc1,training
FC(F)(Cl)C(F)(F)Cl,training
CC=CC=O,training
CN(C)C(=O)N(C)C,training
Cc1cc(C)c(C)cc1C,training
C#CC1(OC(C)=O)CCC2C3CCC4=CC(=O)CCC4C3CCC21C,training
CCOP(=S)(OCC)N1C(=O)c2ccccc2C1=O,training
O=C(Nc1ccccc1)c1ccccc1O,training
C=C(Cl)CSC(=S)N(CC)CC,training
CCCl,training
CC(=O)Nc1cc(NS(=O)(=O)C(F)(F)F)c(C)cc1C,training
O=C(C=CC=Cc1ccc2c(c1)OCO2)N1CCCCC1,training
C/C=C\CC,training
CNC(=O)ON=C(CSC)C(C)(C)C,valid
O=C1NC(=O)C2(CCCCCCC2)C(=O)N1,training
CNC(=O)Oc1cc(C(C)(C)C)cc(C(C)(C)C)c1,training
O=C1CC(c2ccc(O)c(O)c2)Oc2cc(O)cc(O)c21,training
O=C(c1ccccc1)c1ccccc1,training
CCCCCCCCCCCCCCCCCCCC,training
c1ccc(NNc2ccccc2)cc1,training
CCC(CC)CO,training
Oc1ccncc1,training
Cl/C=C\Cl,test
CC1CCCC1,training
CC(C)CC(C)O,training
Cc1ccc2c(c1)C(=O)N(C)c1cc(N)ccc1O2,training
CC(C)(C)CO,test
CC(C)(C)C(=O)C(Oc1ccc(Cl)cc1)n1cncn1,training
Cc1cc(C(=O)NNCc2ccccc2)no1,training
C=CC,training
Oc1ccc(Cl)cc1Cc1cc(Cl)ccc1O,training
CCOC(=O)Nc1cccc(OC(=O)Nc2ccccc2)c1,training
O=C1c2ccccc2C(=O)c2ccccc21,training
CCCCCCC(C)O,training
CC1=C(C(=O)Nc2ccccc2)S(=O)(=O)CCO1,training
CCCCc1ccccc1,test
O=C1NC(=O)C(=O)N1,training
COP(=S)(OC)Oc1ccc(Sc2ccc(OP(=S)(OC)OC)cc2)cc1,training
NS(=O)(=O)c1cc(C2(O)NC(=O)c3ccccc32)ccc1Cl,training
CC(=O)OCC(C)C,training
CC(C)C(C)(C)C,training
Clc1ccc(-c2c(Cl)cc(Cl)c(Cl)c2Cl)c(Cl)c1Cl,training
N#Cc1ccccc1C#N,test
Cc1cccc([N+](=O)[O-])c1,training
FC(F)(F)C(Cl)Br,training
CNC(=O)ON=C(SC)C(=O)N(C)C,training
CCSCCSP(=S)(OC)OC,valid
CCC(C)C,training
COP(=O)(OC)OC(=CCl)c1cc(Cl)c(Cl)cc1Cl,test
